<ImportExportXml xmlns:xsi="http://www.w3.org/2001/XMLSchema-instance" OrganizationVersion="9.2.25093.146" OrganizationSchemaType="Standard" CRMServerServiceabilityVersion="9.2.25094.00157">
  <Entities></Entities>
  <Roles></Roles>
  <Workflows>
    <Workflow WorkflowId="{7515e1c7-b3a8-f011-bbd2-000d3aa35893}" Name="FlexSpace_Flows">
      <JsonFileName>/Workflows/FlexSpace_Flows-7515E1C7-B3A8-F011-BBD2-000D3AA35893.json</JsonFileName>
      <Type>1</Type>
      <Subprocess>0</Subprocess>
      <Category>5</Category>
      <Mode>0</Mode>
      <Scope>4</Scope>
      <OnDemand>0</OnDemand>
      <TriggerOnCreate>0</TriggerOnCreate>
      <TriggerOnDelete>0</TriggerOnDelete>
      <AsyncAutodelete>0</AsyncAutodelete>
      <SyncWorkflowLogOnFailure>0</SyncWorkflowLogOnFailure>
      <StateCode>1</StateCode>
      <StatusCode>2</StatusCode>
      <RunAs>1</RunAs>
      <IsTransacted>1</IsTransacted>
      <IntroducedVersion>1.17</IntroducedVersion>
      <IsCustomizable>1</IsCustomizable>
      <BusinessProcessType>0</BusinessProcessType>
      <IsCustomProcessingStepAllowedForOtherPublishers>1</IsCustomProcessingStepAllowedForOtherPublishers>
      <ModernFlowType>0</ModernFlowType>
      <PrimaryEntity>none</PrimaryEntity>
      <LocalizedNames>
        <LocalizedName languagecode="1033" description="FlexSpace_Flows" />
      </LocalizedNames>
    </Workflow>
  </Workflows>
  <FieldSecurityProfiles></FieldSecurityProfiles>
  <Templates />
  <EntityMaps />
  <EntityRelationships />
  <OrganizationSettings />
  <optionsets />
  <CustomControls />
  <EntityDataProviders />
  <CanvasApps>
    <CanvasApp>
      <Name>cr754_flexspacemain_7a542</Name>
      <AppVersion>2025-10-14T04:28:21Z</AppVersion>
      <Status>Ready</Status>
      <CreatedByClientVersion>3.25095.12.0</CreatedByClientVersion>
      <MinClientVersion>3.25095.12.0</MinClientVersion>
      <Tags>{"primaryDeviceWidth":"1366","primaryDeviceHeight":"768","supportsPortrait":"true","supportsLandscape":"true","primaryFormFactor":"Tablet","showStatusBar":"false","publisherVersion":"3.25095.12","minimumRequiredApiVersion":"2.2.0","hasComponent":"false","hasUnlockedComponent":"false","isUnifiedRootApp":"false","sienaVersion":"20251013T165624Z-3.25095.12.0"}</Tags>
      <IsCdsUpgraded>0</IsCdsUpgraded>
      <GalleryItemId xsi:nil="true"></GalleryItemId>
      <BackgroundColor>rgba(255, 243, 235, 1)</BackgroundColor>
      <DisplayName>FlexSpace_Main</DisplayName>
      <Description>FlexSpace is the good app for Work From Home Registration</Description>
      <CommitMessage xsi:nil="true"></CommitMessage>
      <Publisher xsi:nil="true"></Publisher>
      <AuthorizationReferences>[]</AuthorizationReferences>
      <ConnectionReferences>{"b63b5493-f9bb-44f5-8abb-cf9020a821d5":{"id":"/providers/microsoft.powerapps/apis/shared_teams","displayName":"Microsoft Teams","iconUri":"https://conn-afd-prod-endpoint-bmc9bqahasf3grgk.b01.azurefd.net/v1.0.1775/1.0.1775.4393/teams/icon.png","dataSources":["MicrosoftTeams"],"dependencies":[],"dependents":["80e197f0-800a-4728-a6df-9d2dc0eefba5"],"parameterHints":{},"parameterHintsV2":{},"isOnPremiseConnection":false,"bypassConsent":false,"dataSets":{},"apiTier":"Standard"},"18c03641-3fd8-444b-9ed9-c5eb35495332":{"id":"/providers/microsoft.powerapps/apis/shared_office365users","displayName":"Office 365 Users","iconUri":"https://conn-afd-prod-endpoint-bmc9bqahasf3grgk.b01.azurefd.net/releases/v1.0.1777/1.0.1777.4410/office365users/icon.png","dataSources":["Office365Users"],"dependencies":[],"dependents":["80e197f0-800a-4728-a6df-9d2dc0eefba5"],"parameterHints":{},"parameterHintsV2":{},"isOnPremiseConnection":false,"bypassConsent":false,"dataSets":{},"apiTier":"Standard","actions":["MyProfile"]},"dccff528-19fb-497d-b5cb-03f7cfbd4d66":{"id":"/providers/microsoft.powerapps/apis/shared_sharepointonline","displayName":"SharePoint","iconUri":"https://conn-afd-prod-endpoint-bmc9bqahasf3grgk.b01.azurefd.net/v1.0.1769/1.0.1769.4352/sharepointonline/icon.png","dataSources":["TLS Approver FlexSpace","FlexSpace","FlexSpace Admin"],"dependencies":[],"dependents":["80e197f0-800a-4728-a6df-9d2dc0eefba5"],"parameterHints":{},"parameterHintsV2":{},"isOnPremiseConnection":false,"bypassConsent":false,"dataSets":{"https://pwcapac.sharepoint.com/sites/VN-GSD-0AMPiTUCCC2cAUk9PVA":{"dataSources":{"TLS Approver FlexSpace":{"tableName":"093017c3-8221-4d42-8e68-0201644e97f3"},"FlexSpace":{"tableName":"167f0eb6-2807-46e3-a146-699226b8b417"},"FlexSpace Admin":{"tableName":"1d1aba9e-10d1-4186-9751-504cf2796fbf"}}}},"apiTier":"Standard","actions":["providers/PowerPlatform.Governance/Operations/Read","providers/PowerPlatform.Governance/Operations/Write","providers/PowerPlatform.Governance/Operations/Delete"]},"80e197f0-800a-4728-a6df-9d2dc0eefba5":{"id":"/providers/microsoft.powerapps/apis/shared_logicflows","displayName":"Logic flows","iconUri":"https://conn-afd-prod-endpoint-bmc9bqahasf3grgk.b01.azurefd.net/v1.0.1774/1.0.1774.4397/logicflows/icon.png","dataSources":["FlexSpace_Flows"],"dependencies":["dccff528-19fb-497d-b5cb-03f7cfbd4d66","18c03641-3fd8-444b-9ed9-c5eb35495332","f39e30d7-3966-4bb1-b353-cdb00c3d98d7","b63b5493-f9bb-44f5-8abb-cf9020a821d5"],"dependents":[],"parameterHints":{"workflowName":{"value":"f072b886-ffc6-4f8e-af95-4dedcecff958"},"workflowEntityId":{"value":"7515e1c7-b3a8-f011-bbd2-000d3aa35893"},"workflowDisplayName":{"value":"FlexSpace_Flows"},"dccff528-19fb-497d-b5cb-03f7cfbd4d66":{"value":"shared_sharepointonline"},"18c03641-3fd8-444b-9ed9-c5eb35495332":{"value":"shared_office365users"},"f39e30d7-3966-4bb1-b353-cdb00c3d98d7":{"value":"shared_approvals"},"b63b5493-f9bb-44f5-8abb-cf9020a821d5":{"value":"shared_teams-1"}},"parameterHintsV2":{"workflowName":{"value":"f072b886-ffc6-4f8e-af95-4dedcecff958"},"workflowEntityId":{"value":"7515e1c7-b3a8-f011-bbd2-000d3aa35893"},"workflowDisplayName":{"value":"FlexSpace_Flows"},"shared_sharepointonline":{"value":"dccff528-19fb-497d-b5cb-03f7cfbd4d66"},"shared_office365users":{"value":"18c03641-3fd8-444b-9ed9-c5eb35495332"},"shared_approvals":{"value":"f39e30d7-3966-4bb1-b353-cdb00c3d98d7"},"shared_teams-1":{"value":"b63b5493-f9bb-44f5-8abb-cf9020a821d5"}},"isOnPremiseConnection":false,"bypassConsent":false,"dataSets":{},"apiTier":"Standard","actions":["Run"]},"f39e30d7-3966-4bb1-b353-cdb00c3d98d7":{"id":"/providers/microsoft.powerapps/apis/shared_approvals","displayName":"Standard approvals","iconUri":"https://conn-afd-prod-endpoint-bmc9bqahasf3grgk.b01.azurefd.net/v1.0.1774/1.0.1774.4397/approvals/icon.png","dataSources":[],"dependencies":[],"dependents":["80e197f0-800a-4728-a6df-9d2dc0eefba5"],"parameterHints":{},"parameterHintsV2":{},"isOnPremiseConnection":false,"bypassConsent":false,"dataSets":{},"apiTier":"Standard"},"b35dd27c-dde3-4bd3-84b2-e72385ab516c":{"id":"/providers/microsoft.powerapps/apis/shared_office365","displayName":"Office 365 Outlook","iconUri":"https://conn-afd-prod-endpoint-bmc9bqahasf3grgk.b01.azurefd.net/releases/v1.0.1777/1.0.1777.4410/office365/icon.png","dataSources":["Office365Outlook"],"dependencies":[],"dependents":[],"parameterHints":{},"parameterHintsV2":{},"isOnPremiseConnection":false,"bypassConsent":false,"dataSets":{},"apiTier":"Standard","actions":["SendEmailV2"]}}</ConnectionReferences>
      <DatabaseReferences>{}</DatabaseReferences>
      <AppComponents>[]</AppComponents>
      <AppComponentDependencies>[]</AppComponentDependencies>
      <CanConsumeAppPass>1</CanConsumeAppPass>
      <CanvasAppType>0</CanvasAppType>
      <BypassConsent>0</BypassConsent>
      <AdminControlBypassConsent>0</AdminControlBypassConsent>
      <EmbeddedApp xsi:nil="true"></EmbeddedApp>
      <IntroducedVersion>1.0</IntroducedVersion>
      <CdsDependencies>{"cdsdependencies":[{"dependencyid":"7515e1c7-b3a8-f011-bbd2-000d3aa35893","componenttype":29,"componenttypeplatformname":"Workflow"}]}</CdsDependencies>
      <IsCustomizable>1</IsCustomizable>
      <BackgroundImageUri>/CanvasApps/cr754_flexspacemain_7a542_BackgroundImageUri</BackgroundImageUri>
      <DocumentUri>/CanvasApps/cr754_flexspacemain_7a542_DocumentUri.msapp</DocumentUri>
      <AdditionalUris>
        <AdditionalUri>/CanvasApps/cr754_flexspacemain_7a542_AdditionalUris0_identity.json</AdditionalUri>
      </AdditionalUris>
    </CanvasApp>
  </CanvasApps>
  <connectionreferences>
    <connectionreference connectionreferencelogicalname="cr754_sharedapprovals_67b8e">
      <connectionreferencedisplayname>Standard approvals FlexSpace_Main-67b8e</connectionreferencedisplayname>
      <connectorid>/providers/Microsoft.PowerApps/apis/shared_approvals</connectorid>
      <iscustomizable>1</iscustomizable>
      <promptingbehavior>0</promptingbehavior>
      <statecode>0</statecode>
      <statuscode>1</statuscode>
    </connectionreference>
    <connectionreference connectionreferencelogicalname="cr754_sharedoffice365users_08593">
      <connectionreferencedisplayname>Office 365 Users FlexSpace_Main-08593</connectionreferencedisplayname>
      <connectorid>/providers/Microsoft.PowerApps/apis/shared_office365users</connectorid>
      <iscustomizable>1</iscustomizable>
      <promptingbehavior>0</promptingbehavior>
      <statecode>0</statecode>
      <statuscode>1</statuscode>
    </connectionreference>
    <connectionreference connectionreferencelogicalname="cr754_sharedsharepointonline_dcbdb">
      <connectionreferencedisplayname>SharePoint FlexSpace_Main-dcbdb</connectionreferencedisplayname>
      <connectorid>/providers/Microsoft.PowerApps/apis/shared_sharepointonline</connectorid>
      <iscustomizable>1</iscustomizable>
      <promptingbehavior>0</promptingbehavior>
      <statecode>0</statecode>
      <statuscode>1</statuscode>
    </connectionreference>
    <connectionreference connectionreferencelogicalname="cr754_sharedteams_44e32">
      <connectionreferencedisplayname>Microsoft Teams FlexSpace_Main-44e32</connectionreferencedisplayname>
      <connectorid>/providers/Microsoft.PowerApps/apis/shared_teams</connectorid>
      <iscustomizable>1</iscustomizable>
      <promptingbehavior>0</promptingbehavior>
      <statecode>0</statecode>
      <statuscode>1</statuscode>
    </connectionreference>
  </connectionreferences>
  <Languages>
    <Language>1033</Language>
  </Languages>
</ImportExportXml>