{
  "properties": {
    "connectionReferences": {
      "shared_office365users": {
        "runtimeSource": "invoker",
        "connection": {
          "connectionReferenceLogicalName": "cr754_sharedoffice365users_08593"
        },
        "api": {
          "name": "shared_office365users"
        }
      },
      "shared_approvals": {
        "runtimeSource": "invoker",
        "connection": {
          "connectionReferenceLogicalName": "cr754_sharedapprovals_67b8e"
        },
        "api": {
          "name": "shared_approvals"
        }
      },
      "shared_sharepointonline": {
        "runtimeSource": "invoker",
        "connection": {
          "connectionReferenceLogicalName": "cr754_sharedsharepointonline_dcbdb"
        },
        "api": {
          "name": "shared_sharepointonline"
        }
      },
      "shared_teams-1": {
        "runtimeSource": "invoker",
        "connection": {
          "connectionReferenceLogicalName": "cr754_sharedteams_44e32"
        },
        "api": {
          "name": "shared_teams"
        }
      }
    },
    "definition": {
      "$schema": "https://schema.management.azure.com/providers/Microsoft.Logic/schemas/2016-06-01/workflowdefinition.json#",
      "contentVersion": "1.0.0.0",
      "parameters": {
        "$authentication": {
          "defaultValue": {},
          "type": "SecureObject"
        },
        "$connections": {
          "defaultValue": {},
          "type": "Object"
        }
      },
      "triggers": {
        "manual": {
          "type": "Request",
          "kind": "PowerAppV2",
          "inputs": {
            "schema": {
              "type": "object",
              "properties": {
                "text": {
                  "description": "Please enter your input",
                  "title": "BU",
                  "type": "string",
                  "x-ms-content-hint": "TEXT",
                  "x-ms-dynamically-added": true
                },
                "text_1": {
                  "description": "Please enter your input",
                  "title": "Level",
                  "type": "string",
                  "x-ms-content-hint": "TEXT",
                  "x-ms-dynamically-added": true
                },
                "text_2": {
                  "description": "Please enter your input",
                  "title": "Booking Date",
                  "type": "string",
                  "x-ms-content-hint": "TEXT",
                  "x-ms-dynamically-added": true
                },
                "text_3": {
                  "description": "Please enter your input",
                  "title": "Working Option",
                  "type": "string",
                  "x-ms-content-hint": "TEXT",
                  "x-ms-dynamically-added": true
                },
                "text_4": {
                  "description": "Please enter your input",
                  "title": "Reason",
                  "type": "string",
                  "x-ms-content-hint": "TEXT",
                  "x-ms-dynamically-added": true
                },
                "text_5": {
                  "description": "Please enter your input",
                  "title": "Approver",
                  "type": "string",
                  "x-ms-content-hint": "TEXT",
                  "x-ms-dynamically-added": true
                },
                "text_6": {
                  "description": "Please enter your input",
                  "title": "RequesterName",
                  "type": "string",
                  "x-ms-content-hint": "TEXT",
                  "x-ms-dynamically-added": true
                },
                "text_7": {
                  "description": "Please enter your input",
                  "title": "RequesterEmail",
                  "type": "string",
                  "x-ms-content-hint": "TEXT",
                  "x-ms-dynamically-added": true
                },
                "number": {
                  "description": "Please enter a number",
                  "title": "ID",
                  "type": "number",
                  "x-ms-content-hint": "NUMBER",
                  "x-ms-dynamically-added": true
                },
                "number_1": {
                  "description": "Please enter a number",
                  "title": "Flow",
                  "type": "number",
                  "x-ms-content-hint": "NUMBER",
                  "x-ms-dynamically-added": true
                },
                "text_8": {
                  "description": "Please enter your input",
                  "title": "Collection",
                  "type": "string",
                  "x-ms-content-hint": "TEXT",
                  "x-ms-dynamically-added": true
                }
              },
              "required": [
                "text",
                "text_1",
                "text_2",
                "text_3",
                "text_4",
                "text_5",
                "text_6",
                "text_7",
                "number",
                "number_1",
                "text_8"
              ]
            }
          }
        }
      },
      "actions": {
        "Condition_flow": {
          "actions": {
            "Get_user_profile_(V2)": {
              "metadata": {
                "operationMetadataId": "53520282-8272-473c-b965-9bb1d7a5b719"
              },
              "type": "OpenApiConnection",
              "inputs": {
                "parameters": {
                  "id": "@triggerBody()?['text_7']"
                },
                "host": {
                  "apiId": "/providers/Microsoft.PowerApps/apis/shared_office365users",
                  "operationId": "UserProfile_V2",
                  "connectionName": "shared_office365users"
                }
              }
            },
            "Start_and_wait_for_an_approval": {
              "runAfter": {
                "Get_user_profile_(V2)": [
                  "Succeeded"
                ]
              },
              "metadata": {
                "operationMetadataId": "9cc3e4c3-b994-45ec-ab84-5d09112b1e50"
              },
              "type": "OpenApiConnectionWebhook",
              "inputs": {
                "parameters": {
                  "approvalType": "Basic",
                  "WebhookApprovalCreationInput/title": "[For Your Approval] FlexSpace Request for @{triggerBody()?['text']} - @{triggerBody()?['text_7']}",
                  "WebhookApprovalCreationInput/assignedTo": "@triggerBody()?['text_5']",
                  "WebhookApprovalCreationInput/details": "---------------------------------------------------------------------------------------------------\n---------------------------------------------------------------------------------------------------\n**Dear Approver,**\n\nI'm writing to request permission to work from home with the following details:\n\n**Name:**  @{triggerBody()?['text_6']}\n**BU:** @{triggerBody()?['text']}\n**Level:** @{triggerBody()?['text_1']}\n**Booking Date:** @{triggerBody()?['text_2']}\n**Working Option:** @{triggerBody()?['text_3']}\n**Reason:** @{triggerBody()?['text_4']}\n\nBest regards,\n@{triggerBody()?['text_6']}\n",
                  "WebhookApprovalCreationInput/itemLink": "https://apps.powerapps.com/play/e/2e0b466a-2883-e0a1-9759-24ad2e88ec94/a/d4c1e667-68d0-45bc-95c2-5f0df85c8714?tenantId=513294a0-3e20-41b2-a970-6d30bf1546fa&hint=2a2192fb-acb4-4ac9-9bfe-630df86bc647&sourcetime=1759888693341",
                  "WebhookApprovalCreationInput/itemLinkDescription": "Click here to see all requests on Power App.",
                  "WebhookApprovalCreationInput/requestor": "@outputs('Get_user_profile_(V2)')?['body/mail']",
                  "WebhookApprovalCreationInput/enableNotifications": true,
                  "WebhookApprovalCreationInput/enableReassignment": true
                },
                "host": {
                  "apiId": "/providers/Microsoft.PowerApps/apis/shared_approvals",
                  "operationId": "StartAndWaitForAnApproval",
                  "connectionName": "shared_approvals"
                }
              }
            },
            "For_each": {
              "foreach": "@outputs('Start_and_wait_for_an_approval')?['body/responses']",
              "actions": {
                "Compose_2": {
                  "metadata": {
                    "operationMetadataId": "a2d80a51-c405-4afe-ada7-57b0db2b2a37"
                  },
                  "type": "Compose",
                  "inputs": "@items('For_each')?['comments']"
                },
                "Append_to_array_variable": {
                  "runAfter": {
                    "Compose_2": [
                      "Succeeded"
                    ]
                  },
                  "metadata": {
                    "operationMetadataId": "21f333d7-46ff-47e3-aef4-1ce50b29d03c"
                  },
                  "type": "AppendToArrayVariable",
                  "inputs": {
                    "name": "ApproverComment",
                    "value": "@outputs('Compose_2')"
                  }
                }
              },
              "runAfter": {
                "Start_and_wait_for_an_approval": [
                  "Succeeded"
                ]
              },
              "metadata": {
                "operationMetadataId": "cd349e1c-cde1-4df1-8025-fccc8d8bd21c"
              },
              "type": "Foreach"
            },
            "For_each_1": {
              "foreach": "@outputs('Start_and_wait_for_an_approval')?['body/responses']",
              "actions": {
                "Compose_Name": {
                  "metadata": {
                    "operationMetadataId": "957be764-04f6-4fe8-9d42-3fb009ad71e1"
                  },
                  "type": "Compose",
                  "inputs": "@items('For_each_1')?['responder/displayName']"
                },
                "Append_to_array_variable_1": {
                  "runAfter": {
                    "Compose_Name": [
                      "Succeeded"
                    ]
                  },
                  "metadata": {
                    "operationMetadataId": "c131446a-ffb8-40fa-90e5-f9a622a64c92"
                  },
                  "type": "AppendToArrayVariable",
                  "inputs": {
                    "name": "ApproverName",
                    "value": "@outputs('Compose_Name')"
                  }
                }
              },
              "runAfter": {
                "For_each": [
                  "Succeeded"
                ]
              },
              "metadata": {
                "operationMetadataId": "d0860f40-6ab4-4779-97af-bc5ffa02edf6"
              },
              "type": "Foreach"
            },
            "For_each_1_1": {
              "foreach": "@outputs('Start_and_wait_for_an_approval')?['body/responses']",
              "actions": {
                "Compose_Email": {
                  "metadata": {
                    "operationMetadataId": "67c6c18f-7a65-41f4-8232-dc18b1e8a331"
                  },
                  "type": "Compose",
                  "inputs": "@items('For_each_1_1')?['responder/email']"
                },
                "Append_to_array_variable_2": {
                  "runAfter": {
                    "Compose_Email": [
                      "Succeeded"
                    ]
                  },
                  "metadata": {
                    "operationMetadataId": "1ec04971-540b-4e48-9b8d-4c32cc87d4c5"
                  },
                  "type": "AppendToArrayVariable",
                  "inputs": {
                    "name": "ApproverEmail",
                    "value": "@outputs('Compose_Email')"
                  }
                }
              },
              "runAfter": {
                "For_each_1": [
                  "Succeeded"
                ]
              },
              "metadata": {
                "operationMetadataId": "72c5dcc5-bf9a-448a-8bef-6716b8816b4d"
              },
              "type": "Foreach"
            },
            "Condition": {
              "actions": {
                "Update_item_2": {
                  "metadata": {
                    "operationMetadataId": "c486a322-cd72-49eb-ba31-1bcd25cfdbd1"
                  },
                  "type": "OpenApiConnection",
                  "inputs": {
                    "parameters": {
                      "dataset": "https://pwcapac.sharepoint.com/sites/VN-GSD-0AMPiTUCCC2cAUk9PVA",
                      "table": "167f0eb6-2807-46e3-a146-699226b8b417",
                      "id": "@triggerBody()?['number']",
                      "item/Status/Value": "Approved",
                      "item/ApproverComment": "@join(variables('ApproverComment'), '; ')"
                    },
                    "host": {
                      "apiId": "/providers/Microsoft.PowerApps/apis/shared_sharepointonline",
                      "operationId": "PatchItem",
                      "connectionName": "shared_sharepointonline"
                    }
                  }
                },
                "Post_message_in_a_chat_or_channel": {
                  "runAfter": {
                    "Update_item_2": [
                      "Succeeded"
                    ]
                  },
                  "metadata": {
                    "operationMetadataId": "a270f617-abe5-44ff-bd9c-14388f5826ab"
                  },
                  "type": "OpenApiConnection",
                  "inputs": {
                    "parameters": {
                      "poster": "Flow bot",
                      "location": "Chat with Flow bot",
                      "body/recipient": "@triggerBody()?['text_7']",
                      "body/messageBody": "<p class=\"editor-paragraph\"><b><strong class=\"editor-text-bold\">Dear </strong></b>@{triggerBody()?['text_6']},<br>Your FlexSpace Request in @{triggerBody()?['text_3']} - @{triggerBody()?['text_2']} has been <b><strong class=\"editor-text-bold\" style=\"color: rgb(0, 128, 0);\">Approved!</strong></b><br><br><b><strong class=\"editor-text-bold\">Approver:</strong></b> @{join(variables('ApproverName'), '; ')}<br><b><strong class=\"editor-text-bold\">Approver Comment:</strong></b> @{join(variables('ApproverComment'), '; ')}<br><br><br>Click <a href=\"https://apps.powerapps.com/play/e/2e0b466a-2883-e0a1-9759-24ad2e88ec94/a/d4c1e667-68d0-45bc-95c2-5f0df85c8714?tenantId=513294a0-3e20-41b2-a970-6d30bf1546fa&amp;hint=2a2192fb-acb4-4ac9-9bfe-630df86bc647&amp;sourcetime=1759888693341\" class=\"editor-link\"><u><b><strong class=\"editor-text-bold editor-text-underline\">here</strong></b></u><b><strong class=\"editor-text-bold\"> </strong></b></a>to access the Power App.</p>",
                      "body/isAlert": true
                    },
                    "host": {
                      "apiId": "/providers/Microsoft.PowerApps/apis/shared_teams",
                      "operationId": "PostMessageToConversation",
                      "connectionName": "shared_teams-1"
                    }
                  }
                }
              },
              "runAfter": {
                "For_each_1_1": [
                  "Succeeded"
                ]
              },
              "else": {
                "actions": {
                  "Update_item_3": {
                    "metadata": {
                      "operationMetadataId": "da7d460d-3d9e-4e61-94cd-e9354cbeb3d5"
                    },
                    "type": "OpenApiConnection",
                    "inputs": {
                      "parameters": {
                        "dataset": "https://pwcapac.sharepoint.com/sites/VN-GSD-0AMPiTUCCC2cAUk9PVA",
                        "table": "167f0eb6-2807-46e3-a146-699226b8b417",
                        "id": "@triggerBody()?['number']",
                        "item/Status/Value": "Declined",
                        "item/ApproverComment": "@join(variables('ApproverComment'), '; ')"
                      },
                      "host": {
                        "apiId": "/providers/Microsoft.PowerApps/apis/shared_sharepointonline",
                        "operationId": "PatchItem",
                        "connectionName": "shared_sharepointonline"
                      }
                    }
                  },
                  "Post_message_in_a_chat_or_channel_1": {
                    "runAfter": {
                      "Update_item_3": [
                        "Succeeded"
                      ]
                    },
                    "metadata": {
                      "operationMetadataId": "45e2e611-ee29-4ca6-8ae6-542c98d95bad"
                    },
                    "type": "OpenApiConnection",
                    "inputs": {
                      "parameters": {
                        "poster": "Flow bot",
                        "location": "Chat with Flow bot",
                        "body/recipient": "@triggerBody()?['text_7']",
                        "body/messageBody": "<p class=\"editor-paragraph\"><b><strong class=\"editor-text-bold\">Dear </strong></b>@{triggerBody()?['text_6']},<br>Your FlexSpace Request in @{triggerBody()?['text_3']} - @{triggerBody()?['text_2']} has been <b><strong class=\"editor-text-bold\" style=\"color: rgb(208, 2, 27);\">Declined</strong></b>!<br><br><b><strong class=\"editor-text-bold\">Approver: </strong></b>@{join(variables('ApproverName'), '; ')}<br><b><strong class=\"editor-text-bold\">Approver Comment: </strong></b>@{join(variables('ApproverComment'), '; ')}<br><br><br>Click <a href=\"https://apps.powerapps.com/play/e/2e0b466a-2883-e0a1-9759-24ad2e88ec94/a/d4c1e667-68d0-45bc-95c2-5f0df85c8714?tenantId=513294a0-3e20-41b2-a970-6d30bf1546fa&amp;hint=2a2192fb-acb4-4ac9-9bfe-630df86bc647&amp;sourcetime=1759888693341\" class=\"editor-link\"><u><b><strong class=\"editor-text-bold editor-text-underline\">here </strong></b></u></a>to access the Power App.</p>",
                        "body/isAlert": true
                      },
                      "host": {
                        "apiId": "/providers/Microsoft.PowerApps/apis/shared_teams",
                        "operationId": "PostMessageToConversation",
                        "connectionName": "shared_teams-1"
                      }
                    }
                  }
                }
              },
              "expression": {
                "and": [
                  {
                    "equals": [
                      "@outputs('Start_and_wait_for_an_approval')?['body/outcome']",
                      "Approve"
                    ]
                  }
                ]
              },
              "metadata": {
                "operationMetadataId": "bd040990-f1c5-4286-936e-cea73476fb5a"
              },
              "type": "If"
            }
          },
          "runAfter": {
            "Initialize_email": [
              "Succeeded"
            ]
          },
          "else": {
            "actions": {
              "Compose_1": {
                "metadata": {
                  "operationMetadataId": "39b159cf-ba45-4e1d-8f9c-67e86f90cc9a"
                },
                "type": "Compose",
                "inputs": "@triggerBody()?['text_8']"
              },
              "Create_CSV_table": {
                "runAfter": {
                  "Compose_1": [
                    "Succeeded"
                  ]
                },
                "metadata": {
                  "operationMetadataId": "9ab18619-09cb-4100-8c86-46bcf718a39f"
                },
                "type": "Table",
                "inputs": {
                  "from": "@json(outputs('Compose_1'))",
                  "format": "CSV",
                  "columns": [
                    {
                      "header": "ID",
                      "value": "@item()?['ID']"
                    },
                    {
                      "header": "Created",
                      "value": "@item()?['Created']"
                    },
                    {
                      "header": "Requester.Name",
                      "value": "@item()?['Requester_Name']"
                    },
                    {
                      "header": "Requester.Mail",
                      "value": "@item()?['Requester_Mail']"
                    },
                    {
                      "header": "BU",
                      "value": "@item()?['BU']"
                    },
                    {
                      "header": "Level",
                      "value": "@item()?['Level']"
                    },
                    {
                      "header": "Booking Date",
                      "value": "@item()?['Booking_Date']"
                    },
                    {
                      "header": "Working Option",
                      "value": "@item()?['Working_Option']"
                    },
                    {
                      "header": "Approver",
                      "value": "@if(empty(item()?['Approver']), item()?['Alternative_Approver'], item()?['Approver'])"
                    },
                    {
                      "header": "Status",
                      "value": "@item()?['Status']"
                    },
                    {
                      "header": "Reason & Justification",
                      "value": "@item()?['Reason_Justification']"
                    },
                    {
                      "header": "Approver Comment",
                      "value": "@item()?['Approver_Comment']"
                    }
                  ]
                }
              },
              "Create_file": {
                "runAfter": {
                  "Create_CSV_table": [
                    "Succeeded"
                  ]
                },
                "metadata": {
                  "operationMetadataId": "948ab2fd-ec63-4377-83ba-2fe0bb7968f6"
                },
                "type": "OpenApiConnection",
                "inputs": {
                  "parameters": {
                    "dataset": "https://pwcapac.sharepoint.com/sites/VN-GSD-0AMPiTUCCC2cAUk9PVA",
                    "folderPath": "/Shared Documents/05. Project Development/FlexSpace/Admin File",
                    "name": "@concat(formatDateTime(addHours(utcNow(), 7), 'yyyyMMdd_HHmmss'), '_FlexSpace.csv')",
                    "body": "@body('Create_CSV_table')"
                  },
                  "host": {
                    "apiId": "/providers/Microsoft.PowerApps/apis/shared_sharepointonline",
                    "operationId": "CreateFile",
                    "connectionName": "shared_sharepointonline"
                  }
                },
                "runtimeConfiguration": {
                  "contentTransfer": {
                    "transferMode": "Chunked"
                  }
                }
              },
              "Get_file_properties": {
                "runAfter": {
                  "Create_file": [
                    "Succeeded"
                  ]
                },
                "metadata": {
                  "operationMetadataId": "ef4c6ea1-6a25-4662-8063-fcf3ae0da9d2"
                },
                "type": "OpenApiConnection",
                "inputs": {
                  "parameters": {
                    "dataset": "https://pwcapac.sharepoint.com/sites/VN-GSD-0AMPiTUCCC2cAUk9PVA",
                    "table": "d5a7501c-61b9-4682-8984-08ca62fe0ad7",
                    "id": "@outputs('Create_file')?['body/ItemId']"
                  },
                  "host": {
                    "apiId": "/providers/Microsoft.PowerApps/apis/shared_sharepointonline",
                    "operationId": "GetFileItem",
                    "connectionName": "shared_sharepointonline"
                  }
                }
              },
              "Create_sharing_link_for_a_file_or_folder": {
                "runAfter": {
                  "Get_file_properties": [
                    "Succeeded"
                  ]
                },
                "metadata": {
                  "operationMetadataId": "5b07613b-8864-4c6d-8cfe-7a74e337fc77"
                },
                "type": "OpenApiConnection",
                "inputs": {
                  "parameters": {
                    "dataset": "https://pwcapac.sharepoint.com/sites/VN-GSD-0AMPiTUCCC2cAUk9PVA",
                    "table": "d5a7501c-61b9-4682-8984-08ca62fe0ad7",
                    "id": "@outputs('Get_file_properties')?['body/ID']",
                    "permission/type": "edit",
                    "permission/scope": "organization"
                  },
                  "host": {
                    "apiId": "/providers/Microsoft.PowerApps/apis/shared_sharepointonline",
                    "operationId": "CreateSharingLink",
                    "connectionName": "shared_sharepointonline"
                  }
                }
              },
              "Respond_to_a_Power_App_or_flow": {
                "runAfter": {
                  "Create_sharing_link_for_a_file_or_folder": [
                    "Succeeded"
                  ]
                },
                "metadata": {
                  "operationMetadataId": "a31b6f5e-9f28-49e2-a4c1-a563a32a8415"
                },
                "type": "Response",
                "kind": "PowerApp",
                "inputs": {
                  "schema": {
                    "type": "object",
                    "properties": {
                      "filelink": {
                        "title": "filelink",
                        "x-ms-dynamically-added": true,
                        "type": "string"
                      }
                    },
                    "additionalProperties": {}
                  },
                  "statusCode": 200,
                  "body": {
                    "filelink": "@{outputs('Create_sharing_link_for_a_file_or_folder')?['body/link/webUrl']}"
                  }
                }
              }
            }
          },
          "expression": {
            "and": [
              {
                "equals": [
                  "@triggerBody()?['number_1']",
                  1
                ]
              }
            ]
          },
          "type": "If"
        },
        "Initialize_Approver_Comment": {
          "runAfter": {},
          "metadata": {
            "operationMetadataId": "29a273f7-3943-4b74-87a6-757614742ade"
          },
          "type": "InitializeVariable",
          "inputs": {
            "variables": [
              {
                "name": "ApproverComment",
                "type": "array"
              }
            ]
          }
        },
        "Initialize_Approver_Name": {
          "runAfter": {
            "Initialize_Approver_Comment": [
              "Succeeded"
            ]
          },
          "metadata": {
            "operationMetadataId": "b5e7e609-f0c7-4e1a-8467-89d7d5bb621f"
          },
          "type": "InitializeVariable",
          "inputs": {
            "variables": [
              {
                "name": "ApproverName",
                "type": "array"
              }
            ]
          }
        },
        "Initialize_email": {
          "runAfter": {
            "Initialize_Approver_Name": [
              "Succeeded"
            ]
          },
          "metadata": {
            "operationMetadataId": "67b14d8f-069a-472a-b476-1add433b395f"
          },
          "type": "InitializeVariable",
          "inputs": {
            "variables": [
              {
                "name": "ApproverEmail",
                "type": "array"
              }
            ]
          }
        }
      },
      "outputs": {}
    },
    "templateName": null
  },
  "schemaVersion": "1.0.0.0"
}